id;firstname;lastname;fullname;birth_date;gender;code_bi;code_nif;street_address;house_number;location_name;postal_code;main_email;land_phone_number;mobile_phone_number;occupation;preferred_language;username_in_o_auth_2;user_id_in_o_auth_2;custom_attributes_details_json;activation_status;avatar_img;avatar_img_content_type;type_of_person_id
1;eek basics pfft;meanwhile ugh;schedule;2024-06-09;MALE;ricochet decant;socialism inhale pre;lightly boldly;round once sadness;er practical;up;"\5Js@*'1(`].kN";therapist ick g;beyond undernea;yuck;gray ;reduplicate which;out pollutant great-grandfather;cornet courageous;INVALID;../fake-data/blob/hipster.png;image/png;1
2;lest;verbalise since eek;whoever;2024-06-09;FEMALE;why;arrogantly;bolster given;dull burn-out dagger;energy bah patriot;an;"R(@W.S/";schnitzel boss;ack frantically;sympathetic nosedive;commo;onto uh-huh;hummus beside;frightfully;ACTIVE;../fake-data/blob/hipster.png;image/png;2
3;fish proclaim following;pancreas;quietly ah;2024-06-09;FEMALE;even fast;idealise;ferociously by;anarchist skulldugge;almost times;quarrelso;"j9~8h@)L,YV+.TW}[";till;interpreter pow;concerning beyond whenever;yahoo;boo conscript;zealous tailor;forbid;ON_HOLD;../fake-data/blob/hipster.png;image/png;3
4;pish;knowingly;sternly glossy optimistically;2024-06-08;MALE;race drone mill;joyful duh though;vivaciously;meh upon inclusion;ack yuck;jam word;"GSr6@to/.F6tUjx";given whoa;now;shanghai perfumed;if to;for procrastinate junk;quaintly;kindly;ON_HOLD;../fake-data/blob/hipster.png;image/png;4
5;aw before;compassionate harp lazily;positive;2024-06-08;MALE;sweetly impolite gro;resolution mmm admin;reinstate reasonable;eek;gah whenever acidly;survival;"AsG@.iyK.GWMFrS";until naturally;hatbox;of mechanically;pocke;chives;shame shame lest;dispatch;PENDENT;../fake-data/blob/hipster.png;image/png;5
6;however;ugh;huzzah;2024-06-09;OTHER;till aside;gah after whoa;weak;bait well-made uncon;nor ah;along;"1O'=S@bf;fr.h#CtT";yowza circumnav;jackknife;self-assured;yahoo;disastrous despite bah;icy;that geez unlike;ACTIVE;../fake-data/blob/hipster.png;image/png;6
7;yuck yet;yum;instead urgently allegation;2024-06-08;FEMALE;after;vice whoa;whole since um;appreciate impostor ;always limply;priest er;"Q|kU{M@%h<.'8!";angrily crimina;rest sweaty sla;chop energise stump;perce;whether minus;oh cook deglaze;meh;INACTIVE;../fake-data/blob/hipster.png;image/png;7
8;acetate bay;and fooey keenly;kind;2024-06-09;OTHER;notwithstanding or;gel inside;jar ample;psst spleen;as fatally;like hm;"dHP@{K.<L^:";dim;well-to-do;lazy scrambled;vagra;douse;but indeed;circa;BLOCKED;../fake-data/blob/hipster.png;image/png;8
9;rant weakly where;geez bus invitation;now;2024-06-09;MALE;striped unless anens;yum pish;scarcely up;clipper instead peti;gripping amidst midst;opera que;"X@x.fbP+";caper;pain um;tightly lest trim;whoa ;tightly;beneath dismal;beautifully now;PENDENT;../fake-data/blob/hipster.png;image/png;9
10;atop tomorrow;ameliorate nor;atop commonly survey;2024-06-09;OTHER;rotating yawningly;amongst plus;appreciate unnecessarily;focused;a against;collapse;"3@b,.X";freestyle even;where hush;closely;silen;unless given far-off;mechanically;bird phooey;ON_HOLD;../fake-data/blob/hipster.png;image/png;10
